"Name","Content Type","Updated","Last updated by","status"
"Portrét","Project","2025-03-07","Jan Gajdoš","published"
"blue night","Project","2025-03-07","Jan Gajdoš","published"
"Night Cruisin","Project","2025-03-07","Jan Gajdoš","published"
"Sára","Project","2025-03-07","Jan Gajdoš","published"
"Winery","Project","2025-03-07","Jan Gajdoš","published"
"Zdeňka","Project","2025-03-07","Jan Gajdoš","published"
"Drinks","Project","2025-03-07","Jan Gajdoš","published"
"Zarážka do dvěří v imaginárním domě France Kafky","Project","2025-03-07","Jan Gajdoš","published"
"Natálie","Project","2025-03-07","Jan Gajdoš","published"
"Yeezuz2020-Bday","Project","2025-03-07","Jan Gajdoš","published"
"Babypool pro Redbull","Project","2025-03-07","Jan Gajdoš","published"
"Carlo's Finnest","Project","2025-03-07","Jan Gajdoš","published"
"Prsteny","Project","2025-03-07","Jan Gajdoš","published"
"Šperky z kamene","Project","2025-03-07","Jan Gajdoš","published"
"Fausto&Fillipa","Project","2025-03-07","Jan Gajdoš","published"
"Hugo Toxxx-Bday","Project","2025-03-07","Jan Gajdoš","published"